Feedback,cleaned,Sentiment
The product quality was amazing and delivery was fast.,the product quality was amazing and delivery was fast ,Positive
Customer support was slow and didn’t solve my issue.,customer support was slow and didn t solve my issue ,Negative
"I love the design, very user-friendly.",i love the design  very user friendly ,Positive
The packaging was damaged when it arrived.,the packaging was damaged when it arrived ,Neutral
Service was good but response time could be better.,service was good but response time could be better ,Positive
"Absolutely worst experience, I want a refund.",absolutely worst experience  i want a refund ,Negative
"Great value for money, very satisfied.",great value for money  very satisfied ,Positive
The staff was polite and helpful.,the staff was polite and helpful ,Positive
The system was very slow and laggy.,the system was very slow and laggy ,Negative
"Everything worked perfectly, no issues at all.",everything worked perfectly  no issues at all ,Negative
"I’m unhappy with the performance, expected better.",i m unhappy with the performance  expected better ,Positive
"Excellent service, highly recommended.",excellent service  highly recommended ,Positive
"Neutral experience, nothing special.",neutral experience  nothing special ,Neutral
"Poor quality, not worth the price.",poor quality  not worth the price ,Negative
Very happy with the purchase and fast support.,very happy with the purchase and fast support ,Positive
"Website kept crashing, frustrating.",website kept crashing  frustrating ,Negative
Support team resolved my issue quickly.,support team resolved my issue quickly ,Negative
"Not satisfied, product didn’t match description.",not satisfied  product didn t match description ,Positive
"Good product, but delivery was delayed.",good product  but delivery was delayed ,Positive
Amazing service and super friendly support staff.,amazing service and super friendly support staff ,Positive
"The order arrived earlier than expected, very impressed.",the order arrived earlier than expected  very impressed ,Neutral
The product was okay but not worth the price.,the product was okay but not worth the price ,Neutral
Customer service was extremely helpful and polite.,customer service was extremely helpful and polite ,Positive
"I had to wait too long for support, not satisfied.",i had to wait too long for support  not satisfied ,Positive
The color was different from what I ordered.,the color was different from what i ordered ,Neutral
Fast delivery and good packaging.,fast delivery and good packaging ,Positive
"The item stopped working after one week, disappointed.",the item stopped working after one week  disappointed ,Negative
"Amazing product, exceeded my expectations.",amazing product  exceeded my expectations ,Positive
"Average quality, nothing special.",average quality  nothing special ,Neutral
"The support team kept transferring my call, very annoying.",the support team kept transferring my call  very annoying ,Neutral
The installation process was simple and easy to follow.,the installation process was simple and easy to follow ,Neutral
"Good experience overall, will buy again.",good experience overall  will buy again ,Positive
The size was perfect and the material felt premium.,the size was perfect and the material felt premium ,Neutral
"The app keeps crashing, please fix this soon.",the app keeps crashing  please fix this soon ,Neutral
Product works fine but instructions were unclear.,product works fine but instructions were unclear ,Neutral
Very friendly and knowledgeable staff.,very friendly and knowledgeable staff ,Neutral
The replacement process was smooth and quick.,the replacement process was smooth and quick ,Neutral
I didn’t receive all the items in the package.,i didn t receive all the items in the package ,Neutral
"Delivery guy was rude, needs improvement.",delivery guy was rude  needs improvement ,Neutral
"The UI is clean and simple to use, I liked it.",the ui is clean and simple to use  i liked it ,Neutral
"Refund was processed quickly, thanks.",refund was processed quickly  thanks ,Neutral
"Poor build quality, feels cheap.",poor build quality  feels cheap ,Negative
"Super fast service, loved it.",super fast service  loved it ,Positive
"I expected better battery life, not happy.",i expected better battery life  not happy ,Positive
Packaging was neat and secure.,packaging was neat and secure ,Neutral
"The issue was resolved on first call, great experience.",the issue was resolved on first call  great experience ,Neutral
"Confusing interface, not beginner-friendly.",confusing interface  not beginner friendly ,Neutral
Good product but slightly overpriced.,good product but slightly overpriced ,Positive
"Very helpful video guide included, appreciated.",very helpful video guide included  appreciated ,Positive
"I received a defective piece, had to return.",i received a defective piece  had to return ,Neutral
"Smooth checkout process, liked it a lot.",smooth checkout process  liked it a lot ,Neutral
Customer support agent was very patient.,customer support agent was very patient ,Neutral
"The product overheats easily, unsafe.",the product overheats easily  unsafe ,Neutral
"Decent for the price, nothing to complain about.",decent for the price  nothing to complain about ,Neutral
"The order was misplaced, very frustrating.",the order was misplaced  very frustrating ,Negative
Highly durable and premium finish.,highly durable and premium finish ,Neutral
The app navigation is very slow.,the app navigation is very slow ,Negative
"Simple, effective, and works as described.",simple  effective  and works as described ,Neutral
"Got a discount, totally worth it.",got a discount  totally worth it ,Neutral
"Too complicated to use, needs better design.",too complicated to use  needs better design ,Neutral
The cable quality is weak and flimsy.,the cable quality is weak and flimsy ,Neutral
"Amazing sound clarity, loved the audio.",amazing sound clarity  loved the audio ,Positive
The login process took too long.,the login process took too long ,Neutral
Customer care didn’t respond to my emails.,customer care didn t respond to my emails ,Neutral
Website UI looks outdated.,website ui looks outdated ,Neutral
The feature list is impressive.,the feature list is impressive ,Neutral
Received wrong color but kept it anyway.,received wrong color but kept it anyway ,Neutral
Surprisingly lightweight and comfortable.,surprisingly lightweight and comfortable ,Neutral
"Very noisy operation, disappointing.",very noisy operation  disappointing ,Neutral
Customer care was professional and quick.,customer care was professional and quick ,Neutral
"The update fixed all the issues, thanks!",the update fixed all the issues  thanks ,Negative
Still facing the same problem after update.,still facing the same problem after update ,Negative
The product feels luxurious and well-built.,the product feels luxurious and well built ,Neutral
Shipping took longer than promised.,shipping took longer than promised ,Neutral
"Very intuitive interface, great job.",very intuitive interface  great job ,Positive
Camera quality is poor in low light.,camera quality is poor in low light ,Negative
I cannot find some important features easily.,i cannot find some important features easily ,Neutral
Purchase process was smooth and fast.,purchase process was smooth and fast ,Positive
"Item arrived damaged, not happy.",item arrived damaged  not happy ,Positive
"Excellent warranty support, replaced immediately.",excellent warranty support  replaced immediately ,Positive
Heats up after a few minutes of use.,heats up after a few minutes of use ,Neutral
The design looks modern and sleek.,the design looks modern and sleek ,Neutral
Not user-friendly for older people.,not user friendly for older people ,Neutral
"Good for basic use, not for heavy work.",good for basic use  not for heavy work ,Positive
"Totally worth the money, highly recommended.",totally worth the money  highly recommended ,Neutral
"Bad experience, won’t buy again.",bad experience  won t buy again ,Negative
Very responsive and accurate performance.,very responsive and accurate performance ,Neutral
Had trouble pairing with Bluetooth.,had trouble pairing with bluetooth ,Neutral
User manual is detailed and helpful.,user manual is detailed and helpful ,Positive
I appreciate the constant status updates.,i appreciate the constant status updates ,Neutral
"Low quality stitching, tears easily.",low quality stitching  tears easily ,Neutral
Product is durable and long-lasting.,product is durable and long lasting ,Neutral
Delivery partner was polite and helpful.,delivery partner was polite and helpful ,Positive
Battery drains too quickly.,battery drains too quickly ,Neutral
Very smooth return and refund process.,very smooth return and refund process ,Neutral
"The system freezes sometimes, needs improvement.",the system freezes sometimes  needs improvement ,Neutral
Absolutely loved the fast response from support.,absolutely loved the fast response from support ,Positive
Colors are vibrant and screen looks sharp.,colors are vibrant and screen looks sharp ,Neutral
Found bugs while using some features.,found bugs while using some features ,Neutral
Very comfortable to hold and operate.,very comfortable to hold and operate ,Neutral
The strap quality is poor.,the strap quality is poor ,Negative
Quick service and timely updates.,quick service and timely updates ,Neutral
Navigation is confusing on mobile view.,navigation is confusing on mobile view ,Neutral
Works perfectly straight out of the box.,works perfectly straight out of the box ,Neutral
The discount made it a great deal.,the discount made it a great deal ,Positive
Customer support solved my issue in minutes.,customer support solved my issue in minutes ,Negative
Performance is inconsistent at times.,performance is inconsistent at times ,Neutral
Design is appealing but not practical.,design is appealing but not practical ,Neutral
Excellent finish and great value.,excellent finish and great value ,Positive
"Too many ads in the app, irritating.",too many ads in the app  irritating ,Neutral
Overall good product but shipping was slow.,overall good product but shipping was slow ,Neutral
